customer_id,segment,plan,channel,region,mrr,signup_date,churned,churn_date,support_tickets,nps_score,login_frequency
CUST-0001,SMB,Annual,Organic,North America,381.41,2024-02-14,0,,0,1,3
CUST-0002,Mid-Market,Monthly,Organic,North America,1474.83,2024-08-02,0,2024-12-31,2,1,25
CUST-0003,Healthcare,Monthly,Paid Search,North America,3863.08,2024-06-21,1,2024-10-26,4,6,20
CUST-0004,Mid-Market,Annual,Paid Search,North America,1883.44,2024-02-10,0,,2,10,7
CUST-0005,Healthcare,Annual,Organic,North America,1055.33,2024-04-29,0,,7,8,21
CUST-0006,Healthcare,Annual,Paid Search,Europe,3045.83,2024-02-06,0,,4,3,15
CUST-0007,Mid-Market,Quarterly,Referral,Europe,1526.92,2024-01-29,0,,0,6,13
CUST-0008,Mid-Market,Annual,Partnership,APAC,972.02,2024-09-12,0,,3,3,9
CUST-0009,Enterprise,Monthly,Paid Search,Europe,4570.6,2024-07-23,0,,1,9,16
CUST-0010,Enterprise,Annual,Organic,Europe,6752.48,2024-08-04,0,,3,7,20
CUST-0011,Startup,Monthly,Partnership,APAC,52.87,2024-02-28,0,,2,6,4
CUST-0012,Mid-Market,Annual,Organic,Europe,1579.52,2024-09-13,0,,0,5,27
CUST-0013,SMB,Monthly,Organic,APAC,292.72,2024-09-28,0,,2,8,1
CUST-0014,Enterprise,Annual,Partnership,APAC,3436.71,2024-05-03,0,,0,2,24
CUST-0015,SMB,Annual,Sales Outbound,APAC,107.78,2024-08-31,0,,1,5,17
CUST-0016,Startup,Annual,Organic,Europe,232.48,2024-04-12,0,,3,6,15
CUST-0017,Startup,Monthly,Organic,North America,55.26,2024-04-27,0,,0,2,23
CUST-0018,SMB,Annual,Partnership,APAC,81.89,2024-05-01,0,,3,4,18
CUST-0019,Enterprise,Quarterly,Referral,North America,6707.72,2024-07-27,0,,0,7,12
CUST-0020,SMB,Monthly,Referral,Europe,492.87,2024-02-20,1,2024-06-15,0,4,7
CUST-0021,Mid-Market,Annual,Paid Search,North America,874.71,2024-02-08,0,,0,1,21
CUST-0022,Startup,Quarterly,Partnership,LATAM,262.17,2024-03-26,0,,3,4,28
CUST-0023,SMB,Annual,Paid Search,LATAM,169.34,2024-08-20,0,,3,3,7
CUST-0024,Mid-Market,Quarterly,Referral,Europe,1621.96,2024-01-30,1,2024-06-30,1,1,17
CUST-0025,Enterprise,Annual,Referral,Europe,3411.22,2024-03-02,0,,1,10,20
CUST-0026,Enterprise,Annual,Referral,Europe,3898.22,2024-05-13,0,,2,4,9
CUST-0027,Mid-Market,Monthly,Organic,North America,1627.8,2024-02-07,1,2024-07-30,0,2,18
CUST-0028,Mid-Market,Annual,Partnership,APAC,1818.91,2024-07-08,0,,3,9,23
CUST-0029,Mid-Market,Quarterly,Sales Outbound,Europe,1501.79,2024-06-02,0,,0,3,9
CUST-0030,Enterprise,Annual,Referral,North America,5628.98,2024-06-24,0,,2,9,16
CUST-0031,Mid-Market,Quarterly,Organic,Europe,1744.02,2024-01-23,1,2024-03-26,2,3,24
CUST-0032,SMB,Monthly,Referral,North America,475.27,2024-03-17,0,,2,10,18
CUST-0033,Enterprise,Annual,Paid Search,APAC,6776.73,2024-01-21,0,,1,4,22
CUST-0034,Enterprise,Monthly,Sales Outbound,North America,5723.97,2024-03-20,0,,1,3,26
CUST-0035,Healthcare,Quarterly,Organic,Europe,1862.99,2024-07-29,0,,5,3,26
CUST-0036,Healthcare,Annual,Organic,North America,1438.63,2024-08-23,1,2024-11-19,3,4,13
CUST-0037,Mid-Market,Quarterly,Partnership,North America,1462.22,2024-07-23,0,,2,1,4
CUST-0038,Startup,Annual,Referral,LATAM,59.56,2024-08-10,0,,2,7,20
CUST-0039,Startup,Annual,Sales Outbound,North America,61.1,2024-08-11,0,2024-12-31,1,6,14
CUST-0040,Enterprise,Monthly,Paid Search,North America,7088.09,2024-06-02,0,,3,6,13
CUST-0041,SMB,Monthly,Organic,Europe,220.62,2024-03-30,0,,2,7,18
CUST-0042,Healthcare,Annual,Organic,APAC,2741.32,2024-06-13,0,,6,9,16
CUST-0043,Healthcare,Quarterly,Referral,Europe,1708.12,2024-06-20,1,2024-09-18,5,4,5
CUST-0044,Enterprise,Annual,Paid Search,APAC,2436.97,2024-07-31,0,,1,7,16
CUST-0045,Mid-Market,Annual,Referral,APAC,1790.66,2024-02-24,0,,1,3,26
CUST-0046,Startup,Monthly,Organic,North America,262.08,2024-08-21,0,2024-12-31,2,8,20
CUST-0047,Healthcare,Quarterly,Paid Search,LATAM,2226.92,2024-03-22,0,,8,5,25
CUST-0048,Mid-Market,Monthly,Sales Outbound,Europe,1440.12,2024-05-20,0,,2,4,9
CUST-0049,Mid-Market,Quarterly,Organic,North America,1074.55,2024-03-19,0,,0,7,14
CUST-0050,Mid-Market,Monthly,Organic,APAC,1084.22,2024-01-11,0,,3,8,1
CUST-0051,Startup,Annual,Paid Search,APAC,258.93,2024-10-02,0,,1,8,8
CUST-0052,Mid-Market,Monthly,Paid Search,Europe,1697.21,2024-03-25,0,,1,10,18
CUST-0053,Enterprise,Annual,Referral,North America,5856.5,2024-03-10,0,,1,1,9
CUST-0054,Mid-Market,Annual,Paid Search,APAC,1068.69,2024-08-03,0,,0,8,1
CUST-0055,Healthcare,Annual,Partnership,North America,1019.58,2024-01-21,0,,4,1,20
CUST-0056,Mid-Market,Annual,Referral,Europe,826.95,2024-05-11,0,,1,10,20
CUST-0057,Startup,Monthly,Sales Outbound,North America,127.76,2024-01-14,0,,3,7,23
CUST-0058,Mid-Market,Monthly,Sales Outbound,North America,1545.79,2024-06-03,0,,0,10,26
CUST-0059,Enterprise,Monthly,Referral,North America,5885.26,2024-01-07,0,,3,2,14
CUST-0060,Startup,Monthly,Sales Outbound,Europe,158.87,2024-09-24,0,,2,10,26
CUST-0061,Startup,Monthly,Paid Search,APAC,198.12,2024-06-14,0,,0,5,29
CUST-0062,SMB,Monthly,Referral,Europe,201.38,2024-09-10,0,,1,8,7
CUST-0063,Mid-Market,Annual,Organic,Europe,1820.16,2024-01-06,0,,1,2,8
CUST-0064,Healthcare,Monthly,Sales Outbound,Europe,2866.89,2024-09-08,1,2024-10-12,4,4,13
CUST-0065,SMB,Annual,Referral,North America,288.91,2024-08-05,0,,2,6,23
CUST-0066,SMB,Annual,Organic,Europe,192.0,2024-10-01,0,,1,4,7
CUST-0067,Healthcare,Annual,Referral,APAC,2709.73,2024-02-21,0,,5,6,6
CUST-0068,Mid-Market,Monthly,Organic,North America,581.79,2024-05-29,0,,1,8,4
CUST-0069,Startup,Monthly,Paid Search,North America,96.09,2024-01-27,1,2024-06-27,0,2,13
CUST-0070,SMB,Monthly,Referral,North America,415.01,2024-06-04,1,2024-09-05,0,9,25
CUST-0071,SMB,Monthly,Referral,APAC,221.17,2024-08-14,0,,3,5,19
CUST-0072,SMB,Monthly,Referral,LATAM,143.5,2024-04-18,1,2024-06-07,1,4,6
CUST-0073,SMB,Annual,Paid Search,Europe,261.46,2024-01-17,0,,2,8,3
CUST-0074,SMB,Quarterly,Sales Outbound,Europe,347.53,2024-04-11,0,,1,3,30
CUST-0075,Mid-Market,Annual,Organic,APAC,1392.57,2024-05-27,0,,3,5,23
CUST-0076,SMB,Annual,Paid Search,North America,319.12,2024-08-09,0,,2,1,3
CUST-0077,Mid-Market,Monthly,Sales Outbound,Europe,531.12,2024-05-17,0,,1,8,17
CUST-0078,SMB,Quarterly,Organic,Europe,335.65,2024-09-08,0,,3,6,14
CUST-0079,Mid-Market,Monthly,Sales Outbound,North America,1540.51,2024-05-27,0,,3,9,2
CUST-0080,SMB,Annual,Paid Search,LATAM,231.88,2024-09-20,0,,0,9,15
CUST-0081,SMB,Annual,Paid Search,APAC,331.43,2024-01-27,0,,1,5,15
CUST-0082,Startup,Monthly,Organic,Europe,249.83,2024-03-22,0,,0,9,14
CUST-0083,Enterprise,Quarterly,Partnership,North America,2704.8,2024-03-19,0,,2,9,23
CUST-0084,Mid-Market,Quarterly,Partnership,North America,1326.9,2024-07-15,0,,1,2,9
CUST-0085,Healthcare,Quarterly,Paid Search,APAC,1654.95,2024-01-02,1,2024-04-17,6,8,18
CUST-0086,SMB,Annual,Sales Outbound,North America,469.78,2024-04-06,0,,1,10,13
CUST-0087,Mid-Market,Monthly,Organic,Europe,1557.84,2024-07-14,0,,1,8,2
CUST-0088,Enterprise,Quarterly,Paid Search,North America,7070.24,2024-02-21,0,,3,1,24
CUST-0089,Enterprise,Quarterly,Partnership,North America,6689.15,2024-05-15,0,,3,2,28
CUST-0090,Mid-Market,Monthly,Paid Search,LATAM,1440.2,2024-09-06,0,,0,10,3
CUST-0091,Mid-Market,Monthly,Organic,North America,635.57,2024-02-20,0,,0,8,6
CUST-0092,SMB,Quarterly,Organic,APAC,182.02,2024-07-10,0,,1,9,14
CUST-0093,SMB,Monthly,Organic,North America,441.88,2024-05-03,0,,1,4,15
CUST-0094,SMB,Monthly,Referral,APAC,259.36,2024-05-27,0,,1,2,15
CUST-0095,Startup,Quarterly,Organic,LATAM,222.58,2024-08-21,0,,1,7,28
CUST-0096,SMB,Annual,Referral,Europe,496.71,2024-05-31,1,2024-10-09,2,1,19
CUST-0097,Startup,Monthly,Partnership,LATAM,236.29,2024-05-26,0,,1,10,26
CUST-0098,Mid-Market,Monthly,Referral,Europe,1581.39,2024-03-11,0,,0,5,26
CUST-0099,SMB,Monthly,Referral,North America,182.8,2024-07-31,1,2024-10-02,2,9,17
CUST-0100,Startup,Quarterly,Organic,APAC,170.46,2024-05-31,0,,2,2,15
CUST-0101,Startup,Annual,Partnership,APAC,231.05,2024-07-22,0,,2,2,26
CUST-0102,Mid-Market,Annual,Organic,North America,1623.52,2024-05-14,0,,2,2,22
CUST-0103,Mid-Market,Annual,Sales Outbound,Europe,1872.88,2024-04-23,0,,3,5,21
CUST-0104,SMB,Annual,Partnership,North America,271.68,2024-02-19,0,,1,7,15
CUST-0105,Mid-Market,Quarterly,Referral,Europe,1381.01,2024-03-20,0,,0,8,20
CUST-0106,SMB,Quarterly,Organic,North America,249.52,2024-04-30,0,,0,6,18
CUST-0107,Startup,Monthly,Organic,North America,292.05,2024-08-20,1,2024-11-12,0,1,26
CUST-0108,Mid-Market,Quarterly,Sales Outbound,North America,1744.73,2024-04-16,0,,1,6,25
CUST-0109,Enterprise,Quarterly,Organic,APAC,2868.13,2024-03-07,0,,1,2,22
CUST-0110,Startup,Annual,Paid Search,APAC,197.21,2024-01-09,1,2024-02-21,1,7,17
CUST-0111,Enterprise,Annual,Paid Search,North America,5562.0,2024-08-19,0,,0,9,10
CUST-0112,SMB,Quarterly,Organic,North America,230.73,2024-02-25,0,,3,2,29
CUST-0113,Enterprise,Monthly,Organic,North America,5798.46,2024-06-15,0,,2,8,17
CUST-0114,SMB,Annual,Referral,APAC,342.91,2024-04-20,0,,1,7,11
CUST-0115,Healthcare,Annual,Referral,North America,1800.08,2024-05-10,0,,6,2,3
CUST-0116,Healthcare,Annual,Organic,Europe,3397.66,2024-01-31,0,,4,7,12
CUST-0117,Startup,Quarterly,Paid Search,LATAM,62.86,2024-05-27,0,,2,2,19
CUST-0118,SMB,Annual,Paid Search,APAC,207.55,2024-07-07,1,2024-10-16,1,7,28
CUST-0119,SMB,Monthly,Referral,Europe,300.53,2024-05-16,1,2024-08-23,2,6,12
CUST-0120,Enterprise,Quarterly,Referral,North America,2851.25,2024-01-16,1,2024-06-29,1,7,14
CUST-0121,SMB,Annual,Paid Search,North America,473.63,2024-02-13,0,,1,3,25
CUST-0122,SMB,Monthly,Organic,Europe,268.55,2024-08-14,0,,1,9,4
CUST-0123,Mid-Market,Annual,Referral,Europe,1290.4,2024-06-06,1,2024-10-15,0,1,7
CUST-0124,Mid-Market,Annual,Organic,North America,992.18,2024-01-04,0,,3,3,5
CUST-0125,Mid-Market,Monthly,Paid Search,APAC,1709.3,2024-02-06,0,,0,7,1
CUST-0126,SMB,Annual,Paid Search,North America,231.99,2024-08-01,0,,3,1,11
CUST-0127,Mid-Market,Quarterly,Paid Search,Europe,1042.78,2024-08-11,0,,1,7,19
CUST-0128,SMB,Annual,Sales Outbound,Europe,149.71,2024-03-27,1,2024-05-25,1,6,12
CUST-0129,Healthcare,Quarterly,Sales Outbound,North America,1268.62,2024-04-11,1,2024-06-19,3,8,15
CUST-0130,Healthcare,Monthly,Paid Search,LATAM,2606.37,2024-06-14,0,,5,8,3
CUST-0131,SMB,Monthly,Sales Outbound,Europe,208.37,2024-02-07,0,,3,1,2
CUST-0132,Mid-Market,Annual,Referral,LATAM,635.44,2024-09-16,0,,0,8,30
CUST-0133,Healthcare,Monthly,Paid Search,North America,1282.76,2024-02-01,1,2024-05-28,3,1,8
CUST-0134,Healthcare,Quarterly,Paid Search,Europe,1964.47,2024-05-24,1,2024-09-17,4,2,11
CUST-0135,Enterprise,Monthly,Organic,Europe,5939.38,2024-03-17,0,,1,6,10
CUST-0136,Startup,Monthly,Paid Search,Europe,284.5,2024-06-07,0,,2,3,22
CUST-0137,Healthcare,Quarterly,Partnership,LATAM,1099.05,2024-08-04,0,,4,5,6
CUST-0138,Startup,Annual,Sales Outbound,North America,299.99,2024-03-20,1,2024-05-14,0,6,29
CUST-0139,Healthcare,Annual,Paid Search,North America,3460.3,2024-03-25,0,,5,6,22
CUST-0140,Healthcare,Quarterly,Referral,APAC,3308.16,2024-04-29,0,,7,4,12
CUST-0141,SMB,Monthly,Paid Search,APAC,400.16,2024-09-14,0,,1,4,26
CUST-0142,SMB,Quarterly,Organic,North America,217.05,2024-02-22,0,,0,5,3
CUST-0143,Healthcare,Annual,Partnership,North America,2199.91,2024-04-23,0,,4,7,2
CUST-0144,Mid-Market,Annual,Paid Search,North America,836.81,2024-06-12,0,,2,3,5
CUST-0145,Enterprise,Quarterly,Paid Search,APAC,6553.05,2024-08-28,0,,0,2,1
CUST-0146,Mid-Market,Quarterly,Paid Search,Europe,1291.66,2024-02-26,0,,1,5,4
CUST-0147,Enterprise,Annual,Sales Outbound,North America,2665.15,2024-09-12,0,,0,9,19
CUST-0148,Mid-Market,Annual,Paid Search,Europe,860.85,2024-08-01,0,,0,9,12
CUST-0149,Enterprise,Monthly,Paid Search,LATAM,5324.91,2024-07-18,0,,0,7,12
CUST-0150,Mid-Market,Annual,Sales Outbound,North America,1599.41,2024-02-23,0,,2,3,2
CUST-0151,Mid-Market,Annual,Referral,APAC,1527.02,2024-09-02,0,,1,2,23
CUST-0152,Healthcare,Monthly,Organic,North America,1438.3,2024-01-22,1,2024-05-10,8,5,2
CUST-0153,Healthcare,Annual,Paid Search,APAC,3570.55,2024-06-18,1,2024-10-20,8,8,29
CUST-0154,Startup,Annual,Organic,Europe,141.84,2024-09-22,0,,0,7,3
CUST-0155,SMB,Quarterly,Organic,North America,96.17,2024-06-16,0,,2,8,20
CUST-0156,Healthcare,Annual,Paid Search,North America,3125.81,2024-06-29,0,,7,1,3
CUST-0157,SMB,Annual,Paid Search,Europe,121.99,2024-01-16,1,2024-06-06,0,3,3
CUST-0158,Mid-Market,Monthly,Paid Search,LATAM,548.58,2024-03-19,0,,2,6,15
CUST-0159,Healthcare,Monthly,Paid Search,North America,2878.59,2024-05-07,0,,3,8,17
CUST-0160,Mid-Market,Monthly,Organic,North America,1169.41,2024-05-26,0,,3,4,4
CUST-0161,Enterprise,Annual,Organic,Europe,7983.57,2024-06-12,0,,0,9,18
CUST-0162,Mid-Market,Annual,Organic,Europe,1550.33,2024-03-30,0,,1,2,7
CUST-0163,Healthcare,Annual,Paid Search,North America,2631.29,2024-08-27,0,,3,2,10
CUST-0164,Mid-Market,Monthly,Paid Search,North America,1114.15,2024-02-07,1,2024-05-28,0,8,15
CUST-0165,SMB,Annual,Sales Outbound,APAC,337.91,2024-04-03,0,,1,7,17
CUST-0166,Startup,Annual,Organic,North America,91.16,2024-06-14,0,,1,6,17
CUST-0167,Startup,Quarterly,Organic,Europe,187.71,2024-03-05,0,,0,9,21
CUST-0168,Mid-Market,Quarterly,Organic,Europe,1580.95,2024-06-21,0,,0,1,3
CUST-0169,Enterprise,Monthly,Referral,Europe,6601.75,2024-08-01,0,,0,8,29
CUST-0170,SMB,Annual,Partnership,North America,412.11,2024-07-26,0,,0,1,6
CUST-0171,SMB,Monthly,Organic,Europe,190.66,2024-06-12,0,,2,7,5
CUST-0172,Healthcare,Monthly,Organic,North America,1192.07,2024-08-18,1,2024-10-11,4,7,28
CUST-0173,SMB,Annual,Sales Outbound,North America,197.35,2024-06-09,0,,1,8,17
CUST-0174,SMB,Quarterly,Paid Search,North America,226.96,2024-08-22,0,,1,10,12
CUST-0175,Enterprise,Annual,Referral,APAC,6035.12,2024-05-26,0,,0,7,5
CUST-0176,Startup,Monthly,Sales Outbound,North America,150.15,2024-04-09,0,,2,2,13
CUST-0177,SMB,Monthly,Organic,LATAM,356.18,2024-03-01,1,2024-04-24,3,6,26
CUST-0178,Startup,Monthly,Paid Search,North America,200.62,2024-07-24,0,,0,1,5
CUST-0179,Healthcare,Quarterly,Paid Search,North America,3658.02,2024-03-12,1,2024-07-01,6,10,24
CUST-0180,Healthcare,Monthly,Paid Search,Europe,2367.51,2024-06-02,1,2024-07-06,6,2,14
CUST-0181,SMB,Monthly,Referral,Europe,61.99,2024-08-30,0,,1,1,19
CUST-0182,SMB,Monthly,Referral,APAC,221.09,2024-05-04,1,2024-07-01,1,1,15
CUST-0183,Mid-Market,Annual,Referral,North America,1662.46,2024-08-29,0,,0,3,17
CUST-0184,Mid-Market,Annual,Referral,Europe,970.63,2024-03-29,0,,2,9,12
CUST-0185,SMB,Quarterly,Referral,APAC,168.96,2024-09-04,0,,1,5,18
CUST-0186,Mid-Market,Quarterly,Partnership,APAC,1557.35,2024-09-07,0,,2,9,30
CUST-0187,Startup,Monthly,Organic,Europe,185.8,2024-07-21,0,,1,5,2
CUST-0188,Mid-Market,Monthly,Paid Search,North America,884.67,2024-09-02,0,2024-12-31,2,9,23
CUST-0189,Mid-Market,Annual,Referral,North America,576.15,2024-09-28,0,,1,1,4
CUST-0190,SMB,Monthly,Organic,APAC,52.33,2024-03-21,0,,3,8,21
CUST-0191,Mid-Market,Quarterly,Paid Search,Europe,1861.91,2024-02-15,0,,1,9,24
CUST-0192,Healthcare,Quarterly,Partnership,North America,3623.18,2024-03-31,0,,5,8,6
CUST-0193,Startup,Quarterly,Partnership,APAC,52.32,2024-02-24,0,,2,5,15
CUST-0194,Startup,Monthly,Paid Search,LATAM,262.76,2024-08-27,1,2024-10-24,2,3,24
CUST-0195,SMB,Annual,Organic,Europe,405.85,2024-04-08,0,,3,7,17
CUST-0196,Mid-Market,Annual,Organic,LATAM,1216.18,2024-05-07,1,2024-09-12,1,8,25
CUST-0197,Mid-Market,Annual,Referral,Europe,892.33,2024-07-03,0,,0,2,15
CUST-0198,Mid-Market,Annual,Paid Search,APAC,1555.34,2024-06-08,0,,2,6,20
CUST-0199,Mid-Market,Quarterly,Paid Search,North America,1983.26,2024-07-10,0,,3,9,26
CUST-0200,SMB,Annual,Organic,APAC,442.91,2024-02-11,0,,2,2,30
CUST-0201,SMB,Annual,Paid Search,Europe,307.72,2024-03-17,1,2024-08-27,3,2,22
CUST-0202,Mid-Market,Monthly,Organic,Europe,1713.04,2024-08-20,0,2024-12-31,3,10,2
CUST-0203,SMB,Monthly,Paid Search,North America,164.51,2024-01-02,0,,0,1,14
CUST-0204,Mid-Market,Annual,Partnership,LATAM,603.53,2024-08-29,0,2024-12-31,1,3,25
CUST-0205,SMB,Monthly,Partnership,North America,451.1,2024-08-17,0,,3,7,3
CUST-0206,SMB,Monthly,Paid Search,Europe,206.5,2024-04-01,0,,3,9,5
CUST-0207,Healthcare,Annual,Organic,North America,1754.76,2024-08-05,0,,4,8,12
CUST-0208,Mid-Market,Annual,Sales Outbound,APAC,548.33,2024-08-02,0,,0,4,7
CUST-0209,Enterprise,Monthly,Paid Search,Europe,7233.27,2024-05-05,0,,3,8,8
CUST-0210,SMB,Monthly,Sales Outbound,North America,497.07,2024-04-29,0,,2,10,20
CUST-0211,Healthcare,Quarterly,Organic,APAC,3954.23,2024-09-23,0,2024-12-31,4,9,19
CUST-0212,Startup,Quarterly,Referral,North America,173.91,2024-06-25,0,,3,9,11
CUST-0213,SMB,Annual,Organic,North America,292.07,2024-05-03,0,,2,3,26
CUST-0214,SMB,Annual,Paid Search,North America,288.5,2024-07-17,0,,1,6,21
CUST-0215,Enterprise,Annual,Paid Search,Europe,6976.44,2024-01-27,0,,0,2,7
CUST-0216,Healthcare,Monthly,Referral,North America,1468.45,2024-06-19,1,2024-07-22,4,2,24
CUST-0217,Startup,Monthly,Organic,Europe,101.13,2024-05-02,0,,2,7,15
CUST-0218,SMB,Annual,Organic,Europe,273.77,2024-02-20,0,,3,6,30
CUST-0219,Mid-Market,Annual,Organic,APAC,1611.88,2024-01-09,0,,3,5,5
CUST-0220,Mid-Market,Annual,Referral,North America,1325.96,2024-06-21,0,,3,8,15
CUST-0221,Mid-Market,Monthly,Organic,Europe,1232.47,2024-01-31,0,,0,1,25
CUST-0222,Enterprise,Annual,Referral,North America,2906.18,2024-04-21,0,,2,1,20
CUST-0223,SMB,Quarterly,Partnership,Europe,57.08,2024-09-29,0,,0,1,17
CUST-0224,Healthcare,Monthly,Organic,Europe,3033.15,2024-08-08,0,,3,2,17
CUST-0225,Enterprise,Annual,Paid Search,APAC,3603.95,2024-07-22,1,2024-12-02,3,10,8
CUST-0226,Startup,Annual,Referral,APAC,213.43,2024-01-17,1,2024-05-23,3,9,16
CUST-0227,Enterprise,Annual,Organic,North America,4603.46,2024-06-18,0,,0,9,30
CUST-0228,Enterprise,Annual,Sales Outbound,APAC,4853.0,2024-01-24,0,,2,9,19
CUST-0229,SMB,Annual,Sales Outbound,North America,143.22,2024-03-14,0,,3,2,10
CUST-0230,Mid-Market,Annual,Sales Outbound,North America,1844.79,2024-06-18,0,,1,2,17
CUST-0231,Healthcare,Annual,Organic,North America,1043.26,2024-07-22,0,,4,5,26
CUST-0232,Startup,Monthly,Paid Search,LATAM,157.96,2024-07-13,1,2024-10-26,1,2,3
CUST-0233,Mid-Market,Annual,Sales Outbound,North America,1084.43,2024-07-03,0,,0,5,15
CUST-0234,Mid-Market,Annual,Organic,North America,1173.27,2024-09-19,0,,0,2,12
CUST-0235,SMB,Monthly,Sales Outbound,APAC,55.55,2024-07-30,0,,0,9,29
CUST-0236,Startup,Annual,Paid Search,Europe,92.38,2024-05-17,0,,3,3,3
CUST-0237,Mid-Market,Annual,Organic,APAC,1041.69,2024-05-06,0,,3,10,20
CUST-0238,Mid-Market,Annual,Paid Search,LATAM,998.33,2024-07-13,0,,2,8,11
CUST-0239,SMB,Quarterly,Referral,Europe,185.2,2024-04-12,0,,1,7,11
CUST-0240,Mid-Market,Monthly,Paid Search,Europe,863.64,2024-07-11,1,2024-11-18,2,2,30
CUST-0241,SMB,Monthly,Paid Search,Europe,297.54,2024-08-24,0,,1,8,26
CUST-0242,Mid-Market,Monthly,Sales Outbound,APAC,1113.71,2024-09-12,1,2024-12-28,1,5,22
CUST-0243,Mid-Market,Annual,Paid Search,North America,1396.9,2024-07-24,0,,3,9,2
CUST-0244,Healthcare,Annual,Sales Outbound,Europe,2842.18,2024-02-13,1,2024-05-16,5,10,2
CUST-0245,SMB,Monthly,Referral,LATAM,199.22,2024-08-08,1,2024-10-02,2,4,17
CUST-0246,Healthcare,Monthly,Referral,North America,1997.18,2024-08-25,0,,5,1,16
CUST-0247,Enterprise,Annual,Partnership,North America,7644.06,2024-03-13,0,,2,8,26
CUST-0248,Mid-Market,Monthly,Paid Search,North America,1545.14,2024-06-12,1,2024-07-23,0,1,28
CUST-0249,Mid-Market,Annual,Sales Outbound,LATAM,1610.73,2024-09-21,0,,1,6,18
CUST-0250,SMB,Monthly,Sales Outbound,Europe,133.87,2024-08-09,0,,1,8,19
CUST-0251,SMB,Annual,Organic,North America,366.69,2024-02-02,0,,1,6,11
CUST-0252,Mid-Market,Annual,Referral,North America,1948.87,2024-06-09,0,,3,10,4
CUST-0253,Mid-Market,Quarterly,Referral,APAC,1558.98,2024-06-01,0,,0,3,11
CUST-0254,Enterprise,Annual,Organic,Europe,5064.95,2024-08-02,0,,3,7,6
CUST-0255,SMB,Monthly,Partnership,LATAM,127.96,2024-03-26,0,,1,3,11
CUST-0256,Healthcare,Monthly,Sales Outbound,LATAM,2350.75,2024-04-09,0,,8,8,14
CUST-0257,Healthcare,Annual,Organic,Europe,3346.82,2024-04-22,1,2024-07-31,5,3,25
CUST-0258,SMB,Monthly,Sales Outbound,Europe,100.94,2024-02-28,0,,2,9,27
CUST-0259,Healthcare,Monthly,Paid Search,North America,2160.49,2024-05-06,1,2024-06-13,7,6,28
CUST-0260,Healthcare,Annual,Partnership,APAC,1558.23,2024-06-28,0,,6,10,5
CUST-0261,Healthcare,Quarterly,Sales Outbound,Europe,2503.3,2024-10-02,0,2024-12-31,6,9,29
CUST-0262,SMB,Annual,Partnership,APAC,463.45,2024-05-21,0,,1,3,8
CUST-0263,Enterprise,Annual,Organic,APAC,4356.2,2024-03-13,0,,2,7,13
CUST-0264,SMB,Monthly,Sales Outbound,North America,282.03,2024-05-22,0,,2,8,16
CUST-0265,Mid-Market,Annual,Sales Outbound,Europe,1596.4,2024-08-22,0,,2,2,26
CUST-0266,SMB,Annual,Paid Search,North America,170.84,2024-05-25,0,,1,10,28
CUST-0267,SMB,Annual,Referral,North America,94.81,2024-08-23,1,2024-11-01,3,8,1
CUST-0268,Startup,Annual,Partnership,LATAM,270.54,2024-06-03,0,,2,2,21
CUST-0269,Mid-Market,Annual,Referral,Europe,577.68,2024-06-05,0,,1,7,21
CUST-0270,Enterprise,Annual,Organic,North America,5562.08,2024-09-22,0,,0,1,23
CUST-0271,Mid-Market,Annual,Sales Outbound,Europe,1216.55,2024-04-27,0,,0,2,11
CUST-0272,Mid-Market,Annual,Paid Search,APAC,1811.75,2024-03-14,1,2024-09-04,0,10,21
CUST-0273,Mid-Market,Annual,Organic,Europe,1879.84,2024-08-14,0,,0,2,5
CUST-0274,Healthcare,Monthly,Paid Search,LATAM,1806.41,2024-03-12,1,2024-05-02,5,1,28
CUST-0275,Healthcare,Quarterly,Organic,Europe,1403.67,2024-07-19,1,2024-08-31,6,7,4
CUST-0276,Mid-Market,Monthly,Organic,APAC,518.1,2024-07-03,0,,1,7,28
CUST-0277,Healthcare,Annual,Paid Search,North America,2307.25,2024-02-07,1,2024-03-25,4,4,2
CUST-0278,Startup,Quarterly,Paid Search,North America,228.16,2024-07-31,0,,3,2,21
CUST-0279,SMB,Monthly,Organic,North America,280.09,2024-04-14,0,,1,9,11
CUST-0280,Mid-Market,Monthly,Sales Outbound,Europe,599.17,2024-08-11,0,,1,1,8
CUST-0281,Enterprise,Annual,Paid Search,Europe,3855.74,2024-03-30,1,2024-06-03,0,3,16
CUST-0282,Startup,Monthly,Sales Outbound,Europe,91.74,2024-03-05,0,,2,2,25
CUST-0283,Startup,Annual,Paid Search,Europe,115.74,2024-02-09,0,,2,1,16
CUST-0284,Startup,Annual,Organic,APAC,273.57,2024-02-29,0,,0,1,28
CUST-0285,Startup,Annual,Paid Search,North America,87.52,2024-01-19,0,,3,4,11
CUST-0286,Mid-Market,Quarterly,Paid Search,APAC,1357.3,2024-03-02,0,,0,3,8
CUST-0287,Healthcare,Quarterly,Partnership,North America,2288.3,2024-05-24,0,,6,2,18
CUST-0288,SMB,Annual,Organic,APAC,382.81,2024-05-04,0,,3,4,24
CUST-0289,Startup,Monthly,Organic,North America,152.51,2024-04-29,0,,0,6,1
CUST-0290,Healthcare,Annual,Referral,North America,1456.62,2024-05-01,0,,3,5,3
CUST-0291,Enterprise,Annual,Sales Outbound,North America,7373.47,2024-08-22,0,,0,10,4
CUST-0292,SMB,Monthly,Paid Search,Europe,78.03,2024-03-07,1,2024-06-11,2,7,23
CUST-0293,Healthcare,Annual,Paid Search,North America,3819.37,2024-03-10,0,,3,2,6
CUST-0294,SMB,Annual,Organic,North America,396.65,2024-08-19,0,,2,2,3
CUST-0295,Mid-Market,Monthly,Sales Outbound,Europe,560.49,2024-06-16,1,2024-09-17,2,7,17
CUST-0296,Enterprise,Annual,Sales Outbound,North America,7712.58,2024-08-19,0,,1,2,15
CUST-0297,Enterprise,Monthly,Organic,North America,6685.76,2024-04-23,1,2024-09-02,2,2,19
CUST-0298,SMB,Quarterly,Organic,LATAM,138.99,2024-08-15,0,,0,6,4
CUST-0299,Enterprise,Monthly,Organic,Europe,6930.11,2024-07-21,0,,3,7,6
CUST-0300,Mid-Market,Quarterly,Organic,North America,722.95,2024-05-05,0,,3,7,29
CUST-0301,SMB,Annual,Organic,North America,139.76,2024-09-26,0,,0,7,26
CUST-0302,Healthcare,Monthly,Sales Outbound,North America,2610.08,2024-06-13,1,2024-08-28,4,10,8
CUST-0303,Enterprise,Quarterly,Organic,APAC,4830.11,2024-07-02,0,,1,3,4
CUST-0304,Mid-Market,Annual,Paid Search,APAC,1605.59,2024-04-22,0,,3,6,30
CUST-0305,Healthcare,Quarterly,Organic,Europe,3379.87,2024-07-02,0,,4,10,19
CUST-0306,Enterprise,Quarterly,Sales Outbound,APAC,7822.33,2024-06-07,0,,0,2,2
CUST-0307,Mid-Market,Annual,Paid Search,North America,1876.84,2024-04-13,0,,2,3,30
CUST-0308,Healthcare,Quarterly,Organic,North America,3055.03,2024-03-13,0,,4,6,23
CUST-0309,Startup,Annual,Organic,North America,84.11,2024-03-21,0,,3,8,21
CUST-0310,Mid-Market,Monthly,Referral,APAC,1420.56,2024-07-01,1,2024-12-28,1,7,10
CUST-0311,Healthcare,Annual,Organic,North America,3046.43,2024-07-19,0,,3,10,11
CUST-0312,Startup,Quarterly,Organic,Europe,284.17,2024-03-13,0,,0,4,12
CUST-0313,Startup,Annual,Sales Outbound,North America,227.24,2024-06-20,0,,2,4,8
CUST-0314,SMB,Annual,Sales Outbound,Europe,71.67,2024-08-12,0,,1,7,16
CUST-0315,Startup,Annual,Paid Search,APAC,247.18,2024-04-25,1,2024-06-12,0,5,1
CUST-0316,Mid-Market,Quarterly,Organic,North America,1063.19,2024-02-08,0,,0,6,20
CUST-0317,Startup,Quarterly,Referral,North America,213.41,2024-08-10,0,,0,6,7
CUST-0318,Startup,Annual,Referral,LATAM,185.03,2024-05-24,0,,0,1,13
CUST-0319,SMB,Quarterly,Organic,North America,242.42,2024-05-30,0,,3,4,4
CUST-0320,Enterprise,Annual,Organic,North America,7062.61,2024-06-06,0,,3,8,29
CUST-0321,SMB,Annual,Paid Search,North America,448.47,2024-07-08,0,,0,5,15
CUST-0322,SMB,Annual,Organic,North America,388.51,2024-02-19,1,2024-06-16,3,10,8
CUST-0323,SMB,Quarterly,Sales Outbound,North America,290.98,2024-08-31,0,,1,8,10
CUST-0324,Enterprise,Quarterly,Referral,Europe,7402.73,2024-03-16,0,,3,3,6
CUST-0325,Startup,Quarterly,Organic,North America,297.07,2024-08-10,0,,1,10,9
CUST-0326,Mid-Market,Monthly,Sales Outbound,North America,1334.55,2024-06-15,0,,3,1,26
CUST-0327,Healthcare,Monthly,Sales Outbound,North America,1278.86,2024-02-21,0,,4,9,29
CUST-0328,Mid-Market,Annual,Paid Search,North America,1413.44,2024-01-20,1,2024-06-01,1,10,20
CUST-0329,SMB,Annual,Paid Search,APAC,360.73,2024-01-26,0,,2,6,1
CUST-0330,Mid-Market,Monthly,Paid Search,APAC,1787.35,2024-02-20,0,,1,3,10
CUST-0331,Startup,Annual,Sales Outbound,North America,154.19,2024-02-15,0,,1,7,24
CUST-0332,SMB,Monthly,Paid Search,North America,406.17,2024-02-03,1,2024-07-11,3,3,25
CUST-0333,Startup,Quarterly,Organic,North America,258.23,2024-01-30,0,,3,1,30
CUST-0334,Mid-Market,Annual,Paid Search,North America,1095.41,2024-03-04,0,,1,6,16
CUST-0335,SMB,Annual,Sales Outbound,Europe,207.39,2024-03-24,0,,2,2,10
CUST-0336,Enterprise,Annual,Sales Outbound,APAC,3285.91,2024-04-23,0,,1,5,21
CUST-0337,SMB,Annual,Sales Outbound,APAC,54.0,2024-03-08,0,,0,4,9
CUST-0338,SMB,Quarterly,Referral,Europe,173.92,2024-07-11,0,,3,5,7
CUST-0339,SMB,Monthly,Sales Outbound,North America,96.04,2024-09-18,0,,2,9,21
CUST-0340,SMB,Annual,Referral,North America,201.33,2024-05-21,0,,2,5,21
CUST-0341,Healthcare,Quarterly,Organic,North America,3249.52,2024-01-30,0,,7,3,24
CUST-0342,Enterprise,Monthly,Organic,LATAM,4427.59,2024-01-19,0,,1,6,24
CUST-0343,Healthcare,Monthly,Referral,North America,3810.14,2024-07-02,0,,4,5,4
CUST-0344,SMB,Monthly,Referral,Europe,460.68,2024-06-20,0,,1,6,8
CUST-0345,Healthcare,Annual,Sales Outbound,North America,1633.79,2024-05-30,0,,5,1,28
CUST-0346,SMB,Monthly,Referral,North America,137.54,2024-03-02,0,,3,9,10
CUST-0347,SMB,Quarterly,Organic,LATAM,204.2,2024-08-22,1,2024-11-06,0,8,11
CUST-0348,SMB,Annual,Referral,North America,173.09,2024-03-27,0,,1,8,26
CUST-0349,Healthcare,Annual,Referral,Europe,2090.86,2024-09-01,0,,3,6,1
CUST-0350,Startup,Monthly,Paid Search,North America,51.03,2024-05-07,1,2024-09-02,2,3,4
CUST-0351,Mid-Market,Monthly,Organic,APAC,947.3,2024-05-28,0,,2,7,29
CUST-0352,SMB,Annual,Partnership,North America,387.55,2024-03-25,0,,3,1,8
CUST-0353,Mid-Market,Quarterly,Organic,North America,1256.95,2024-03-04,0,,0,7,29
CUST-0354,SMB,Monthly,Referral,Europe,71.58,2024-02-25,0,,0,1,23
CUST-0355,Enterprise,Annual,Organic,North America,6211.21,2024-04-15,0,,0,5,14
CUST-0356,SMB,Monthly,Organic,Europe,111.72,2024-02-23,0,,0,5,4
CUST-0357,Healthcare,Monthly,Referral,APAC,3460.8,2024-04-13,1,2024-08-25,5,1,18
CUST-0358,SMB,Annual,Partnership,North America,51.23,2024-02-15,0,,3,3,3
CUST-0359,Healthcare,Annual,Referral,LATAM,2861.88,2024-08-21,0,,6,8,2
CUST-0360,Enterprise,Annual,Organic,North America,6809.58,2024-06-09,0,,0,2,28
CUST-0361,Healthcare,Annual,Sales Outbound,Europe,1345.64,2024-07-02,0,,4,6,27
CUST-0362,Mid-Market,Annual,Paid Search,North America,1753.56,2024-09-01,0,,1,2,5
CUST-0363,SMB,Annual,Partnership,North America,237.21,2024-09-04,0,,3,3,20
CUST-0364,Mid-Market,Annual,Organic,Europe,1757.8,2024-03-07,0,,3,2,29
CUST-0365,SMB,Annual,Organic,North America,367.06,2024-09-25,0,,1,6,17
CUST-0366,SMB,Monthly,Organic,Europe,161.86,2024-06-26,0,,3,3,27
CUST-0367,Healthcare,Quarterly,Referral,North America,3789.99,2024-09-15,0,,6,2,25
CUST-0368,SMB,Annual,Partnership,North America,150.22,2024-07-12,0,,1,2,15
CUST-0369,SMB,Monthly,Organic,North America,192.23,2024-09-11,0,,0,2,13
CUST-0370,SMB,Monthly,Organic,North America,321.89,2024-06-04,0,,1,8,11
CUST-0371,Mid-Market,Annual,Organic,North America,1340.23,2024-08-30,0,,2,8,4
CUST-0372,Enterprise,Monthly,Organic,North America,5801.97,2024-05-29,0,,2,2,2
CUST-0373,Startup,Monthly,Sales Outbound,Europe,152.3,2024-05-10,0,,1,2,30
CUST-0374,Startup,Annual,Sales Outbound,North America,134.48,2024-07-31,0,2024-12-31,0,8,15
CUST-0375,SMB,Quarterly,Organic,North America,288.66,2024-01-25,0,,3,10,16
CUST-0376,Startup,Monthly,Partnership,Europe,93.41,2024-03-06,1,2024-06-26,3,7,20
CUST-0377,Startup,Monthly,Organic,LATAM,292.62,2024-08-19,0,,1,7,20
CUST-0378,Healthcare,Monthly,Organic,Europe,3554.26,2024-04-21,1,2024-08-03,5,3,17
CUST-0379,SMB,Monthly,Referral,APAC,303.03,2024-08-01,0,,2,7,26
CUST-0380,Enterprise,Annual,Paid Search,North America,2339.63,2024-05-16,0,,1,5,22
CUST-0381,Mid-Market,Quarterly,Referral,North America,1630.39,2024-01-17,0,,3,2,20
CUST-0382,Startup,Monthly,Sales Outbound,Europe,190.32,2024-05-01,0,,2,1,30
CUST-0383,Mid-Market,Annual,Sales Outbound,Europe,1948.75,2024-01-28,1,2024-05-01,1,10,28
CUST-0384,Healthcare,Quarterly,Sales Outbound,LATAM,3054.81,2024-07-07,0,,4,5,15
CUST-0385,Mid-Market,Monthly,Organic,North America,1270.77,2024-07-12,1,2024-10-21,2,3,6
CUST-0386,SMB,Annual,Paid Search,Europe,119.66,2024-03-19,0,,0,10,27
CUST-0387,SMB,Monthly,Referral,North America,402.81,2024-06-11,0,,1,9,3
CUST-0388,Healthcare,Annual,Paid Search,North America,1918.09,2024-04-19,0,,6,5,7
CUST-0389,Startup,Monthly,Paid Search,Europe,238.03,2024-01-05,1,2024-05-02,3,4,29
CUST-0390,SMB,Quarterly,Organic,North America,448.55,2024-07-14,0,,0,7,9
CUST-0391,SMB,Annual,Partnership,APAC,218.73,2024-09-17,0,,0,5,29
CUST-0392,SMB,Annual,Organic,North America,487.23,2024-10-02,0,,0,4,22
CUST-0393,SMB,Annual,Referral,APAC,142.51,2024-08-10,0,,0,3,1
CUST-0394,SMB,Annual,Organic,North America,407.4,2024-02-06,0,,1,5,14
CUST-0395,Mid-Market,Monthly,Paid Search,North America,1509.95,2024-09-30,1,2024-11-15,0,2,12
CUST-0396,Startup,Annual,Sales Outbound,North America,71.63,2024-08-12,0,,0,8,6
CUST-0397,SMB,Annual,Paid Search,APAC,295.58,2024-03-14,0,,2,1,18
CUST-0398,Startup,Annual,Organic,Europe,148.52,2024-02-13,0,,2,4,14
CUST-0399,Startup,Quarterly,Organic,North America,204.22,2024-05-09,0,,1,10,28
CUST-0400,Enterprise,Monthly,Partnership,Europe,5868.05,2024-02-07,0,,0,5,4
CUST-0401,Mid-Market,Monthly,Partnership,North America,1506.94,2024-04-30,1,2024-06-16,1,6,16
CUST-0402,SMB,Monthly,Paid Search,Europe,304.5,2024-07-05,0,,3,3,1
CUST-0403,Mid-Market,Monthly,Referral,Europe,915.02,2024-07-03,1,2024-10-25,3,8,15
CUST-0404,Mid-Market,Annual,Referral,North America,1409.94,2024-05-23,0,,1,9,7
CUST-0405,Mid-Market,Quarterly,Organic,North America,527.95,2024-09-16,0,,3,10,7
CUST-0406,Startup,Monthly,Paid Search,LATAM,168.03,2024-03-17,1,2024-06-12,2,3,15
CUST-0407,SMB,Annual,Paid Search,North America,157.5,2024-03-25,0,,1,8,6
CUST-0408,Mid-Market,Quarterly,Referral,LATAM,1603.88,2024-09-04,0,,0,4,25
CUST-0409,SMB,Annual,Paid Search,North America,143.05,2024-07-03,0,,3,1,2
CUST-0410,Startup,Annual,Referral,Europe,257.41,2024-05-14,0,,1,7,21
CUST-0411,Mid-Market,Monthly,Sales Outbound,North America,877.38,2024-04-24,0,,2,6,16
CUST-0412,Healthcare,Quarterly,Organic,APAC,2207.68,2024-04-27,1,2024-08-06,4,3,6
CUST-0413,Mid-Market,Monthly,Organic,North America,1716.76,2024-02-28,0,,3,8,7
CUST-0414,SMB,Monthly,Paid Search,North America,107.55,2024-03-23,1,2024-08-31,0,10,5
CUST-0415,Enterprise,Annual,Organic,LATAM,5596.15,2024-01-10,0,,2,2,7
CUST-0416,SMB,Quarterly,Sales Outbound,North America,423.66,2024-03-14,0,,1,10,22
CUST-0417,SMB,Annual,Referral,LATAM,318.44,2024-02-05,0,,3,3,4
CUST-0418,Enterprise,Monthly,Partnership,Europe,6959.09,2024-02-19,1,2024-03-29,0,2,16
CUST-0419,SMB,Quarterly,Paid Search,North America,471.98,2024-08-08,0,,2,1,23
CUST-0420,SMB,Annual,Sales Outbound,APAC,221.56,2024-02-20,0,,2,8,25
CUST-0421,Mid-Market,Quarterly,Organic,APAC,1112.97,2024-04-06,1,2024-05-07,0,9,1
CUST-0422,Mid-Market,Annual,Sales Outbound,North America,659.87,2024-08-06,0,,2,5,28
CUST-0423,SMB,Monthly,Referral,LATAM,228.85,2024-04-14,0,,3,3,12
CUST-0424,SMB,Monthly,Partnership,Europe,398.39,2024-07-22,0,,0,4,15
CUST-0425,Healthcare,Quarterly,Organic,Europe,3315.46,2024-01-27,1,2024-02-27,3,8,30
CUST-0426,SMB,Annual,Organic,North America,324.06,2024-07-15,0,,3,10,21
CUST-0427,SMB,Monthly,Referral,LATAM,419.1,2024-09-10,0,,1,9,10
CUST-0428,Mid-Market,Monthly,Paid Search,Europe,1422.78,2024-01-19,0,,0,3,3
CUST-0429,Startup,Monthly,Paid Search,North America,196.52,2024-09-22,1,2024-11-08,0,9,10
CUST-0430,Healthcare,Monthly,Referral,North America,3409.65,2024-04-25,0,,6,7,19
CUST-0431,Enterprise,Annual,Paid Search,Europe,5019.01,2024-06-23,0,,2,9,27
CUST-0432,Healthcare,Annual,Paid Search,North America,2347.62,2024-05-04,0,,8,10,28
CUST-0433,Enterprise,Annual,Organic,Europe,7965.19,2024-04-27,0,,3,6,17
CUST-0434,SMB,Monthly,Organic,North America,229.52,2024-06-24,1,2024-09-07,3,6,12
CUST-0435,Mid-Market,Monthly,Organic,Europe,1895.38,2024-04-07,0,,1,4,24
CUST-0436,Mid-Market,Annual,Organic,APAC,1754.5,2024-07-01,0,,0,2,30
CUST-0437,Enterprise,Quarterly,Paid Search,North America,7142.54,2024-01-22,0,,2,10,11
CUST-0438,SMB,Quarterly,Sales Outbound,APAC,270.86,2024-09-18,0,,1,10,5
CUST-0439,Enterprise,Monthly,Paid Search,Europe,5014.85,2024-07-20,0,,1,8,4
CUST-0440,SMB,Monthly,Referral,North America,144.84,2024-02-21,0,,2,3,18
CUST-0441,Mid-Market,Annual,Partnership,North America,775.87,2024-08-05,0,,2,6,28
CUST-0442,SMB,Monthly,Referral,LATAM,358.71,2024-02-21,0,,1,9,14
CUST-0443,Startup,Annual,Sales Outbound,Europe,168.25,2024-01-05,0,,3,3,29
CUST-0444,Healthcare,Monthly,Referral,APAC,1760.11,2024-01-25,1,2024-04-05,3,5,16
CUST-0445,Healthcare,Annual,Referral,North America,1952.98,2024-05-11,1,2024-09-23,4,10,7
CUST-0446,SMB,Monthly,Paid Search,LATAM,178.07,2024-06-15,0,,3,8,29
CUST-0447,Enterprise,Monthly,Paid Search,LATAM,7209.55,2024-06-21,0,,3,2,3
CUST-0448,Mid-Market,Annual,Paid Search,North America,901.21,2024-07-21,0,,3,6,24
CUST-0449,SMB,Quarterly,Paid Search,North America,60.4,2024-04-30,0,,0,4,6
CUST-0450,Mid-Market,Annual,Partnership,North America,580.74,2024-07-22,0,,0,2,9
CUST-0451,SMB,Annual,Partnership,North America,153.21,2024-05-25,0,,1,3,17
CUST-0452,Healthcare,Annual,Referral,APAC,1840.64,2024-08-31,0,,7,3,23
CUST-0453,SMB,Monthly,Paid Search,Europe,444.78,2024-08-10,0,,2,6,16
CUST-0454,SMB,Quarterly,Paid Search,North America,166.91,2024-06-04,1,2024-11-14,1,6,10
CUST-0455,SMB,Annual,Partnership,LATAM,264.68,2024-01-05,0,,2,10,8
CUST-0456,Healthcare,Monthly,Organic,APAC,2198.74,2024-05-07,1,2024-09-13,6,5,3
CUST-0457,SMB,Annual,Sales Outbound,LATAM,413.41,2024-05-19,0,,2,7,7
CUST-0458,Startup,Annual,Organic,Europe,204.43,2024-05-19,0,,3,4,11
CUST-0459,Enterprise,Annual,Paid Search,North America,2613.64,2024-05-17,1,2024-10-06,0,4,3
CUST-0460,Mid-Market,Monthly,Paid Search,North America,1699.19,2024-07-09,0,,0,6,3
CUST-0461,Healthcare,Quarterly,Organic,APAC,1028.43,2024-08-28,1,2024-11-30,5,2,25
CUST-0462,Healthcare,Annual,Partnership,North America,3982.51,2024-04-11,0,,3,8,13
CUST-0463,SMB,Annual,Paid Search,Europe,68.98,2024-09-23,0,2024-12-31,2,4,12
CUST-0464,Startup,Quarterly,Organic,North America,208.23,2024-06-15,1,2024-09-23,0,7,26
CUST-0465,Mid-Market,Quarterly,Referral,Europe,1532.61,2024-03-20,0,,0,4,6
CUST-0466,SMB,Monthly,Paid Search,LATAM,391.8,2024-01-31,1,2024-04-09,0,3,16
CUST-0467,Mid-Market,Quarterly,Sales Outbound,APAC,1708.29,2024-08-12,0,,0,7,12
CUST-0468,Healthcare,Annual,Organic,Europe,2588.88,2024-09-07,1,2024-11-23,6,8,9
CUST-0469,Startup,Monthly,Sales Outbound,North America,182.78,2024-08-18,0,,2,9,12
CUST-0470,SMB,Monthly,Paid Search,Europe,447.32,2024-07-05,0,,1,6,24
CUST-0471,Enterprise,Quarterly,Sales Outbound,North America,6099.35,2024-03-19,0,,2,7,21
CUST-0472,Mid-Market,Annual,Referral,North America,1906.7,2024-04-01,0,,1,2,16
CUST-0473,Mid-Market,Annual,Referral,North America,1234.86,2024-05-11,1,2024-08-05,0,1,30
CUST-0474,Startup,Monthly,Partnership,APAC,167.01,2024-02-01,0,,3,6,26
CUST-0475,Healthcare,Quarterly,Organic,North America,1025.24,2024-06-04,1,2024-08-28,2,4,18
CUST-0476,Mid-Market,Annual,Referral,Europe,1921.26,2024-07-31,0,,2,8,23
CUST-0477,SMB,Quarterly,Organic,North America,230.7,2024-06-21,0,,3,6,29
CUST-0478,Mid-Market,Quarterly,Paid Search,North America,1646.28,2024-08-08,0,,2,10,8
CUST-0479,SMB,Annual,Sales Outbound,LATAM,164.34,2024-08-19,0,,3,1,24
CUST-0480,Enterprise,Annual,Organic,North America,7341.95,2024-01-04,0,,1,4,28
CUST-0481,Mid-Market,Monthly,Partnership,APAC,1878.67,2024-09-18,0,,1,2,2
CUST-0482,SMB,Annual,Organic,APAC,162.44,2024-05-11,0,,0,10,13
CUST-0483,SMB,Annual,Organic,North America,267.14,2024-09-06,0,,0,10,21
CUST-0484,Mid-Market,Monthly,Referral,North America,583.88,2024-06-20,0,,3,7,30
CUST-0485,Startup,Quarterly,Organic,Europe,200.58,2024-01-06,0,,3,1,10
CUST-0486,SMB,Annual,Referral,North America,364.0,2024-03-19,1,2024-07-27,3,10,19
CUST-0487,SMB,Annual,Organic,North America,109.49,2024-02-12,0,,0,9,13
CUST-0488,Mid-Market,Annual,Paid Search,Europe,1643.05,2024-09-03,0,,3,7,21
CUST-0489,SMB,Monthly,Partnership,Europe,159.04,2024-05-16,0,,2,10,3
CUST-0490,Enterprise,Annual,Paid Search,North America,4067.15,2024-01-13,0,,1,6,20
CUST-0491,Healthcare,Quarterly,Referral,North America,3757.48,2024-04-29,1,2024-09-01,3,2,24
CUST-0492,Enterprise,Quarterly,Partnership,APAC,6920.8,2024-01-08,0,,0,5,15
CUST-0493,SMB,Annual,Referral,North America,295.89,2024-05-12,0,,1,1,13
CUST-0494,SMB,Monthly,Organic,North America,177.81,2024-05-18,1,2024-06-19,0,7,22
CUST-0495,Mid-Market,Quarterly,Referral,APAC,528.62,2024-07-16,0,,3,9,23
CUST-0496,Enterprise,Annual,Sales Outbound,Europe,3118.5,2024-09-13,0,,0,1,8
CUST-0497,Startup,Annual,Paid Search,Europe,54.59,2024-06-29,0,,2,4,17
CUST-0498,Mid-Market,Annual,Organic,North America,1999.93,2024-01-16,0,,2,4,5
CUST-0499,Mid-Market,Annual,Organic,Europe,1281.08,2024-04-26,0,,1,7,10
CUST-0500,Startup,Annual,Paid Search,North America,84.64,2024-04-13,0,,2,9,30
